Dextran 10 kg/mol (wt%),PEO 10 kg/mol (wt%)
4.80744,9.24371
8.8805,7.05172
10.41252,6.36157
1.02357,12.55852
6.96492,8.11096
2.93985,10.56515
