Sodium citrate,PEG 8 kg/mol
12.47367,3.06953
15.12885,0.87461
2.53099,34.94002
5.18078,22.30368
7.46809,14.77427
10.27767,7.04911