Sodium citrate (wt%),PEO 8 kg/mol (wt%)
2.53307686,37.0360458
5.18077926,22.3036824
7.468094,14.7742745
10.2776883,7.04911013
12.4736674,3.06953147
15.1288484,0.874607473
